City_ID,City,Country,Date,Lat,Lng,Max Temp,Humidity,Cloudiness,Wind Speed
0,Ushuaia,AR,2022-05-22 02:41:35,-54.8,-68.3,37.06,81,0,6.91
1,Bambous Virieux,MU,2022-05-22 02:41:35,-20.3428,57.7575,70.05,83,40,16.11
2,Prince George,CA,2022-05-22 02:40:15,53.9166,-122.753,62.04,25,0,2.3
3,Sitka,US,2022-05-22 02:41:30,57.0531,-135.33,58.89,44,0,3.44
4,Kununurra,AU,2022-05-22 02:41:36,-15.7667,128.7333,85.98,28,7,10.36
5,Rikitea,PF,2022-05-22 02:41:36,-23.1203,-134.9692,75.76,75,3,13.06
6,Lossiemouth,GB,2022-05-22 02:41:36,57.7214,-3.2834,56.16,78,0,5.75
7,Saint-Augustin,CA,2022-05-22 02:41:37,51.226,-58.6502,46.0,88,100,16.75
8,Bengkulu,ID,2022-05-22 02:41:37,-3.8004,102.2655,83.64,66,33,2.8
9,Albany,US,2022-05-22 02:41:38,42.6001,-73.9662,76.53,84,48,2.95
10,Faanui,PF,2022-05-22 02:41:38,-16.4833,-151.75,80.87,70,11,10.49
11,Baykit,RU,2022-05-22 02:41:38,61.67,96.37,46.49,90,100,4.63
12,Clonakilty,IE,2022-05-22 02:41:39,51.6231,-8.8706,55.09,96,100,13.58
13,Airai,TL,2022-05-22 02:41:39,-8.9266,125.4092,74.32,47,23,4.59
14,Kapaa,US,2022-05-22 02:41:39,22.0752,-159.319,80.58,84,40,11.5
15,Bograd,RU,2022-05-22 02:41:40,54.2344,90.8328,71.83,37,49,9.22
16,Floriano,BR,2022-05-22 02:41:41,-6.7669,-43.0225,70.29,92,47,3.02
17,Georgetown,MY,2022-05-22 02:38:18,5.4112,100.3354,87.73,78,20,3.44
18,Spijkenisse,NL,2022-05-22 02:41:41,51.845,4.3292,52.02,82,16,1.14
19,Punta Arenas,CL,2022-05-22 02:41:42,-53.15,-70.9167,37.51,75,75,5.75
20,Busselton,AU,2022-05-22 02:41:45,-33.65,115.3333,67.5,71,22,19.64
21,Nargana,PA,2022-05-22 02:41:46,9.4428,-78.5906,80.64,81,86,3.6
22,Tomatlan,MX,2022-05-22 02:41:46,19.9333,-105.25,71.47,86,0,2.89
23,Ribeira Grande,PT,2022-05-22 02:41:46,38.5167,-28.7,64.06,94,100,0.94
24,Jamestown,US,2022-05-22 02:38:37,42.097,-79.2353,65.01,95,100,6.91
25,Arraial Do Cabo,BR,2022-05-22 02:41:47,-22.9661,-42.0278,69.31,71,17,6.15
26,Bredasdorp,ZA,2022-05-22 02:41:47,-34.5322,20.0403,51.51,85,50,5.93
27,Hobart,AU,2022-05-22 02:41:48,-42.8794,147.3294,54.27,77,75,13.8
28,New Norfolk,AU,2022-05-22 02:41:48,-42.7826,147.0587,53.92,57,98,2.06
29,Vao,NC,2022-05-22 02:41:48,-22.6667,167.4833,73.83,86,83,25.52
30,Mount Gambier,AU,2022-05-22 02:41:49,-37.8333,140.7667,62.06,51,1,4.21
31,Vila Velha,BR,2022-05-22 02:41:49,-20.3297,-40.2925,62.55,94,20,3.44
32,Pacora,PA,2022-05-22 02:41:50,9.0833,-79.2833,80.58,89,40,3.44
33,Sarakhs,IR,2022-05-22 02:41:50,36.5449,61.1577,59.14,82,20,0.0
34,Fairbanks,US,2022-05-22 02:38:41,64.8378,-147.7164,73.74,29,0,13.8
35,Aklavik,CA,2022-05-22 02:41:51,68.2191,-135.0107,35.38,85,99,5.61
36,Sechura,PE,2022-05-22 02:41:51,-5.5569,-80.8222,67.1,78,100,14.7
37,Castro,BR,2022-05-22 02:41:51,-24.7911,-50.0119,44.71,80,2,1.95
38,Saskylakh,RU,2022-05-22 02:41:52,71.9167,114.0833,34.84,100,100,4.99
39,Hithadhoo,MV,2022-05-22 02:41:52,-0.6,73.0833,83.1,69,100,9.98
40,Tecpan,GT,2022-05-22 02:41:52,14.7623,-90.9947,59.88,95,64,2.66
41,Hilo,US,2022-05-22 02:41:53,19.7297,-155.09,88.29,75,100,9.22
42,Mahebourg,MU,2022-05-22 02:41:53,-20.4081,57.7,70.09,83,40,16.11
43,Harbour Breton,CA,2022-05-22 02:41:54,47.4833,-55.7983,46.29,83,92,4.85
44,Adrar,MR,2022-05-22 02:41:54,20.5022,-10.0711,87.75,10,0,6.11
45,Kodiak,US,2022-05-22 02:41:54,57.79,-152.4072,47.71,87,100,29.93
46,Tasiilaq,GL,2022-05-22 02:41:55,65.6145,-37.6368,32.16,71,70,2.51
47,Tuktoyaktuk,CA,2022-05-22 02:42:55,69.4541,-133.0374,26.6,74,75,9.22
48,Cape Town,ZA,2022-05-22 02:42:00,-33.9258,18.4232,55.11,90,0,3.44
49,Lebu,CL,2022-05-22 02:42:56,-37.6167,-73.65,51.69,91,95,12.77
50,Hurricane,US,2022-05-22 02:42:56,37.1753,-113.2899,77.47,15,12,4.88
51,Sibolga,ID,2022-05-22 02:42:57,1.7427,98.7792,84.69,69,83,2.55
52,Vaini,TO,2022-05-22 02:42:57,-21.2,-175.2,80.76,78,40,5.75
53,Barrow,US,2022-05-22 02:42:57,71.2906,-156.7887,23.02,86,100,9.22
54,Bethel,US,2022-05-22 02:40:02,41.3712,-73.414,75.02,80,2,3.76
55,Hammerfest,NO,2022-05-22 02:42:58,70.6634,23.6821,39.65,81,20,0.0
56,Qaanaaq,GL,2022-05-22 02:42:58,77.484,-69.3632,12.74,89,99,5.1
57,Carnarvon,AU,2022-05-22 02:42:59,-24.8667,113.6333,75.92,57,22,22.08
58,Juneau,US,2022-05-22 02:38:16,58.3019,-134.4197,68.0,70,0,9.22
59,Butaritari,KI,2022-05-22 02:42:59,3.0707,172.7902,81.23,79,86,11.07
60,Walvis Bay,NA,2022-05-22 02:43:00,-22.9575,14.5053,49.15,53,4,3.44
61,Sao Filipe,CV,2022-05-22 02:43:00,14.8961,-24.4956,71.37,81,48,5.28
62,Dongsheng,CN,2022-05-22 02:43:00,39.8161,109.9776,72.5,30,54,14.07
63,Saldanha,ZA,2022-05-22 02:43:01,-33.0117,17.9442,42.85,81,32,3.78
64,Khatanga,RU,2022-05-22 02:43:01,71.9667,102.5,35.73,87,100,6.38
65,Kroya,ID,2022-05-22 02:43:02,-7.6331,109.2461,78.75,85,100,4.59
66,Chokurdakh,RU,2022-05-22 02:43:02,70.6333,147.9167,34.48,100,100,1.41
67,Casper,US,2022-05-22 02:38:26,42.8666,-106.3131,44.73,51,0,4.61
68,Verkhnetulomskiy,RU,2022-05-22 02:43:03,68.6073,31.7962,39.33,90,100,7.27
69,Mnogovershinnyy,RU,2022-05-22 02:43:03,53.9353,139.9242,32.11,95,100,6.42
70,Bluff,NZ,2022-05-22 02:43:04,-46.6,168.3333,48.92,62,71,24.18
71,Tiksi,RU,2022-05-22 02:43:04,71.6872,128.8694,31.03,92,100,5.41
72,Mataura,NZ,2022-05-22 02:43:05,-46.1927,168.8643,43.47,88,100,9.98
73,Beloha,MG,2022-05-22 02:43:05,-25.1667,45.05,64.76,50,0,4.41
74,Gat,IL,2022-05-22 02:43:05,31.61,34.7642,69.4,100,90,7.52
75,Lenger,KZ,2022-05-22 02:43:06,42.183,69.8839,49.44,96,100,3.51
76,Torbay,CA,2022-05-22 02:43:07,47.6666,-52.7314,52.57,58,75,11.5
77,Port Alfred,ZA,2022-05-22 02:42:28,-33.5906,26.891,57.22,80,4,5.84
78,Pevek,RU,2022-05-22 02:42:29,69.7008,170.3133,36.19,94,83,5.46
79,Mar Del Plata,AR,2022-05-22 02:39:11,-38.0023,-57.5575,49.95,92,31,1.99
80,Atuona,PF,2022-05-22 02:43:08,-9.8,-139.0333,77.81,77,21,8.46
81,Pachmarhi,IN,2022-05-22 02:43:08,22.4667,78.4333,78.21,53,0,12.44
82,Broome,US,2022-05-22 02:43:09,42.2506,-75.833,79.18,62,0,8.05
83,Cap Malheureux,MU,2022-05-22 02:43:09,-19.9842,57.6142,75.61,71,2,15.95
84,Hambantota,LK,2022-05-22 02:43:10,6.1241,81.1185,82.74,89,20,11.5
85,Kruisfontein,ZA,2022-05-22 02:43:10,-34.0033,24.7314,47.88,88,2,3.36
86,San Patricio,US,2022-05-22 02:43:11,28.017,-97.5169,83.12,92,6,15.79
87,Prince Rupert,CA,2022-05-22 02:43:11,54.3161,-130.3201,60.49,58,0,6.91
88,Fazalpur,PK,2022-05-22 02:43:12,32.1833,75.0667,90.14,27,0,7.67
89,Amapa,BR,2022-05-22 02:44:12,1.0,-52.0,71.35,99,100,1.32
90,Nikolskoye,RU,2022-05-22 02:44:13,59.7035,30.7861,42.69,70,0,5.53
91,Korla,CN,2022-05-22 02:44:13,41.7597,86.1469,79.9,12,100,12.8
92,Imbituba,BR,2022-05-22 02:44:13,-28.24,-48.6703,58.86,99,0,4.63
93,Puerto Ayora,EC,2022-05-22 02:44:14,-0.7393,-90.3518,71.44,88,74,6.6
94,Mikhaylovka,RU,2022-05-22 02:44:14,50.06,43.2379,51.78,97,100,9.98
95,Malanje,AO,2022-05-22 02:44:15,-9.5402,16.341,60.19,85,46,3.04
96,Ilava,SK,2022-05-22 02:44:15,48.9977,18.2353,51.64,77,14,1.41
97,Huilong,CN,2022-05-22 02:44:15,31.8111,121.655,76.93,50,99,9.78
98,Kampli,IN,2022-05-22 02:44:16,15.4,76.6167,78.03,72,58,19.46
99,Auki,SB,2022-05-22 02:44:17,-8.7676,160.7034,85.77,64,18,3.09
100,College,US,2022-05-22 02:44:17,64.8569,-147.8028,73.72,29,75,13.8
101,Hasaki,JP,2022-05-22 02:44:17,35.7333,140.8333,70.2,82,98,21.16
102,Luckenwalde,DE,2022-05-22 02:44:18,52.0833,13.1667,51.91,95,29,6.44
103,Yeppoon,AU,2022-05-22 02:44:18,-23.1333,150.7333,76.78,79,93,12.97
104,Peleduy,RU,2022-05-22 02:44:19,59.6289,112.7406,59.9,55,100,4.76
105,Pemangkat,ID,2022-05-22 02:44:19,1.1667,108.9667,85.62,68,52,5.55
106,Wajima,JP,2022-05-22 02:44:19,37.4,136.9,74.08,49,20,8.05
107,Bom Jesus,BR,2022-05-22 02:44:20,-9.0744,-44.3586,70.48,77,25,3.02
108,Moose Factory,CA,2022-05-22 02:44:20,51.2585,-80.6094,41.0,75,100,2.3
109,Tromso,NO,2022-05-22 02:44:21,69.6496,18.957,44.62,81,100,2.3
110,Helong,CN,2022-05-22 02:44:21,42.5397,128.9972,71.47,30,4,8.61
111,Yellowknife,CA,2022-05-22 02:43:20,62.456,-114.3525,45.12,100,100,8.05
112,Catamarca,AR,2022-05-22 02:44:22,-28.4696,-65.7852,55.58,54,45,7.0
113,Lavrentiya,RU,2022-05-22 02:44:22,65.5833,-171.0,37.99,90,98,10.16
114,Lewistown,US,2022-05-22 02:43:32,40.5992,-77.5714,80.01,73,20,0.0
115,Gold Coast,AU,2022-05-22 02:44:22,-28.0,153.4333,71.67,73,75,17.27
116,Provideniya,RU,2022-05-22 02:44:23,64.3833,-173.3,50.68,50,99,9.44
117,Tazovskiy,RU,2022-05-22 02:44:23,67.4667,78.7,34.0,95,100,3.89
118,Marawi,PH,2022-05-22 02:44:24,7.9986,124.2928,80.96,69,81,1.99
119,Walla Walla,US,2022-05-22 02:40:08,46.0646,-118.343,59.36,60,100,13.8
120,Margate,GB,2022-05-22 02:44:24,51.3813,1.3862,53.69,83,55,3.76
121,Batsfjord,NO,2022-05-22 02:44:25,70.6345,29.7185,40.93,93,100,8.05
122,Jardim,BR,2022-05-22 02:44:25,-21.4803,-56.1381,54.81,69,61,3.51
123,Ixtapa,MX,2022-05-22 02:44:25,20.7,-105.2,78.03,78,20,6.91
124,Harper,LR,2022-05-22 02:44:26,4.375,-7.7169,76.19,87,100,7.45
125,Cestas,FR,2022-05-22 02:44:26,44.7435,-0.6791,69.73,91,0,2.3
126,Lompoc,US,2022-05-22 02:44:27,34.6391,-120.4579,59.41,81,0,13.8
127,Belmonte,BR,2022-05-22 02:44:27,-15.8631,-38.8828,72.14,72,16,10.13
128,Los Llanos De Aridane,ES,2022-05-22 02:44:27,28.6585,-17.9182,65.95,81,100,14.97
129,Avarua,CK,2022-05-22 02:40:53,-21.2078,-159.775,80.65,78,75,5.75
130,Lasa,IT,2022-05-22 02:44:28,46.6166,10.7002,59.88,70,10,5.37
131,Nemuro,JP,2022-05-22 02:41:28,43.3236,145.575,52.38,94,92,11.59
132,Limon,CR,2022-05-22 02:44:29,10.0,-83.0333,78.37,85,100,2.71
133,Aswan,EG,2022-05-22 02:44:29,24.0934,32.907,76.3,23,0,11.5
134,Khasan,RU,2022-05-22 02:44:30,42.4308,130.6434,65.3,54,2,3.09
135,Chuy,UY,2022-05-22 02:44:30,-33.6971,-53.4616,50.88,90,100,5.91
136,Manado,ID,2022-05-22 02:45:30,1.487,124.8455,90.37,58,40,9.22
137,Taltal,CL,2022-05-22 02:45:31,-25.4,-70.4833,59.76,82,17,3.49
138,Vaitape,PF,2022-05-22 02:45:31,-16.5167,-151.75,80.87,70,11,10.45
139,Norman Wells,CA,2022-05-22 02:42:19,65.282,-126.8329,42.84,87,75,12.66
140,Plunge,LT,2022-05-22 02:45:32,55.9114,21.8442,48.79,98,100,5.86
141,Namibe,AO,2022-05-22 02:45:32,-15.1961,12.1522,67.37,60,32,2.51
142,Saint George,US,2022-05-22 02:40:38,37.1041,-113.5841,79.39,8,0,12.66
143,Apt,FR,2022-05-22 02:45:33,43.8833,5.4,57.18,62,27,3.38
144,Port Augusta,AU,2022-05-22 02:45:33,-32.5,137.7667,70.56,47,10,10.11
145,Saint-Francois,FR,2022-05-22 02:45:27,46.4154,3.9054,60.67,77,0,2.3
146,Junagarh,IN,2022-05-22 02:45:34,19.8667,82.9333,91.63,44,58,6.69
147,Loukhi,RU,2022-05-22 02:45:34,66.0764,33.0381,31.91,89,100,7.47
148,Umba,RU,2022-05-22 02:45:35,66.6871,34.3429,34.11,79,100,7.61
149,Bilibino,RU,2022-05-22 02:45:35,68.0546,166.4372,49.53,57,75,7.58
150,Taikang,CN,2022-05-22 02:45:35,46.8333,124.4167,72.21,30,21,5.61
151,Souillac,MU,2022-05-22 02:45:36,-20.5167,57.5167,70.18,83,40,16.11
152,Buala,SB,2022-05-22 02:45:36,-8.145,159.5921,85.95,63,18,4.16
153,Ciudad Bolivar,VE,2022-05-22 02:45:36,8.1222,-63.5497,81.63,62,36,12.5
154,Deputatskiy,RU,2022-05-22 02:45:37,69.3,139.9,30.97,100,100,1.36
155,Coquimbo,CL,2022-05-22 02:45:37,-29.9533,-71.3436,55.13,100,88,1.14
156,Balikpapan,ID,2022-05-22 02:45:37,-1.2675,116.8289,85.19,74,20,3.44
157,Woodward,US,2022-05-22 02:43:35,36.4337,-99.3904,56.43,54,0,8.05
158,Dunedin,NZ,2022-05-22 02:45:38,-45.8742,170.5036,53.8,60,100,15.01
159,Cheremshan,RU,2022-05-22 02:45:39,54.6667,51.5,36.97,83,34,9.71
160,Paka,MY,2022-05-22 02:45:39,4.6374,103.4368,84.13,84,20,4.61
161,Fomboni,KM,2022-05-22 02:45:39,-12.28,43.7425,79.34,77,11,9.71
162,Cockburn Town,TC,2022-05-22 02:43:00,21.4612,-71.1419,79.45,82,100,18.3
163,Guerrero Negro,MX,2022-05-22 02:45:40,27.9769,-114.0611,61.25,77,92,14.2
164,Cherskiy,RU,2022-05-22 02:45:40,68.75,161.3,59.02,36,16,14.18
165,Cidreira,BR,2022-05-22 02:45:41,-30.1811,-50.2056,56.68,79,94,5.3
166,Blyth,GB,2022-05-22 02:45:41,55.1271,-1.5086,52.59,81,98,4.61
167,Krasnoselkup,RU,2022-05-22 02:45:41,65.7,82.4667,49.06,60,15,0.98
168,Shirokiy,RU,2022-05-22 02:45:42,49.758,129.523,64.36,33,44,8.32
169,Dikson,RU,2022-05-22 02:45:42,73.5069,80.5464,27.77,90,52,10.6
170,Samarai,PG,2022-05-22 02:45:43,-10.6167,150.6667,82.9,75,93,9.33
171,Barcelona,ES,2022-05-22 02:45:43,41.3888,2.159,76.71,45,0,2.3
172,Umm Lajj,SA,2022-05-22 02:45:43,25.0213,37.2685,79.48,66,0,10.27
173,Tura,IN,2022-05-22 02:45:44,25.5198,90.2201,81.19,69,13,2.77
174,Naze,JP,2022-05-22 02:45:44,28.3667,129.4833,76.12,73,93,10.56
175,Luderitz,NA,2022-05-22 02:45:45,-26.6481,15.1594,55.49,61,7,10.38
176,Bacarra,PH,2022-05-22 02:45:45,18.2529,120.6125,78.66,94,75,4.61
177,Berdigestyakh,RU,2022-05-22 02:45:45,62.0989,126.6992,59.63,35,93,1.39
178,Narsaq,GL,2022-05-22 02:45:46,60.9167,-46.05,37.62,80,100,2.1
179,Itoman,JP,2022-05-22 02:45:46,26.1247,127.6694,80.98,76,40,13.8
180,Maltahohe,NA,2022-05-22 02:45:46,-24.8333,16.9833,41.47,75,37,5.64
181,Geraldton,AU,2022-05-22 02:45:47,-28.7667,114.6,73.81,60,12,21.85
182,Ilulissat,GL,2022-05-22 02:46:47,69.2167,-51.1,33.82,86,100,0.0
183,Elat,IL,2022-05-22 02:46:48,29.5581,34.9482,78.64,50,0,9.22
184,Mollendo,PE,2022-05-22 02:46:48,-17.0231,-72.0147,64.26,86,100,6.17
185,Grindavik,IS,2022-05-22 02:46:48,63.8424,-22.4338,44.55,87,0,18.41
186,Sao Jose Da Coroa Grande,BR,2022-05-22 02:46:49,-8.8978,-35.1478,77.04,84,94,13.56
187,Dashitou,CN,2022-05-22 02:46:49,43.3067,128.5114,67.96,35,7,7.4
188,Sumbe,AO,2022-05-22 02:46:50,-11.2061,13.8437,70.61,86,11,3.15
189,Ishigaki,JP,2022-05-22 02:46:50,24.3448,124.1572,78.93,83,75,10.36
190,Khvorostyanka,RU,2022-05-22 02:46:50,52.6096,48.9597,44.73,68,98,5.37
191,Santa Rosa,PH,2022-05-22 02:46:51,14.3122,121.1114,89.58,76,93,1.07
192,Tuatapere,NZ,2022-05-22 02:46:51,-46.1333,167.6833,46.49,72,83,16.24
193,Nizhnevartovsk,RU,2022-05-22 02:43:58,60.9344,76.5531,53.62,62,0,13.42
194,Longyearbyen,SJ,2022-05-22 02:46:52,78.2186,15.6401,35.44,75,75,10.36
195,Upernavik,GL,2022-05-22 02:46:52,72.7868,-56.1549,28.44,86,100,2.75
196,Ahipara,NZ,2022-05-22 02:46:52,-35.1667,173.1667,62.94,67,100,12.21
197,Uchiza,PE,2022-05-22 02:46:53,-8.4592,-76.4633,72.19,84,63,2.84
198,Cabedelo,BR,2022-05-22 02:43:15,-6.9811,-34.8339,77.67,88,94,12.39
199,Klaksvik,FO,2022-05-22 02:46:53,62.2266,-6.589,47.32,91,100,14.03
200,Maralal,KE,2022-05-22 02:46:54,1.0968,36.698,56.97,82,100,3.42
201,Lao Cai,VN,2022-05-22 02:46:54,22.4833,103.95,72.91,100,100,1.34
202,Cabo San Lucas,MX,2022-05-22 02:42:54,22.8909,-109.9124,75.61,64,0,10.36
203,Turayf,SA,2022-05-22 02:46:55,31.6725,38.6637,71.85,21,0,16.11
204,Kahului,US,2022-05-22 02:46:55,20.8947,-156.47,86.02,48,20,21.85
205,Tilichiki,RU,2022-05-22 02:46:55,60.4667,166.1,39.34,74,77,4.99
206,Laurentides,CA,2022-05-22 02:46:56,46.4334,-74.9826,52.79,93,14,0.74
207,Westport,US,2022-05-22 02:42:42,41.1415,-73.3579,77.09,86,0,3.44
208,Zomin,UZ,2022-05-22 02:46:56,39.9606,68.3958,51.55,90,100,8.03
209,Paragould,US,2022-05-22 02:43:25,36.0584,-90.4973,67.82,96,100,11.16
210,Rio Grande,BR,2022-05-22 02:44:43,-32.035,-52.0986,47.95,79,100,6.6
211,Te Anau,NZ,2022-05-22 02:46:57,-45.4167,167.7167,47.66,73,79,5.86
212,Durusu,TR,2022-05-22 02:46:57,41.3053,28.6767,58.84,75,3,10.0
213,Zhuhai,CN,2022-05-22 02:46:58,22.2769,113.5678,82.85,88,40,14.97
214,The Valley,AI,2022-05-22 02:46:58,18.217,-63.0578,80.46,71,96,15.68
215,Ahuimanu,US,2022-05-22 02:46:58,21.4447,-157.8378,85.71,67,20,16.11
216,Pucallpa,PE,2022-05-22 02:46:59,-8.3791,-74.5539,72.34,80,21,0.98
217,Birao,CF,2022-05-22 02:46:59,10.2849,22.7882,76.37,67,100,3.2
218,Mushie,CD,2022-05-22 02:47:00,-3.0167,16.9,71.26,96,97,3.06
219,Seredka,RU,2022-05-22 02:47:00,58.1584,28.1858,44.35,69,24,9.4
220,Russell,US,2022-05-22 02:47:00,32.3502,-85.1999,74.8,83,0,4.61
221,Altamira,BR,2022-05-22 02:47:01,-3.2033,-52.2064,70.75,98,88,0.96
222,Dingle,PH,2022-05-22 02:47:01,10.9995,122.6711,84.43,73,100,6.49
223,Biltine,TD,2022-05-22 02:47:01,14.5333,20.9167,80.89,16,41,4.56
224,Thompson,CA,2022-05-22 02:42:15,55.7435,-97.8558,50.16,37,20,3.44
225,Naples,IT,2022-05-22 02:43:16,40.8333,14.25,66.25,84,75,1.14
226,Alofi,NU,2022-05-22 02:47:02,-19.0595,-169.9187,80.49,78,24,8.05
227,Katubao,PH,2022-05-22 02:47:03,5.8892,124.8294,87.78,76,46,5.17
228,Brokopondo,SR,2022-05-22 02:47:03,4.75,-55.1667,75.61,92,100,9.24
229,Ismailia,EG,2022-05-22 02:46:32,30.6043,32.2723,60.49,68,0,7.05
230,Constitucion,CL,2022-05-22 02:48:04,-35.3333,-72.4167,53.26,68,100,4.05
231,Flinders,AU,2022-05-22 02:48:04,-34.5833,150.8552,65.17,79,78,5.01
232,Itaituba,BR,2022-05-22 02:48:04,-4.2761,-55.9836,71.26,97,63,0.69
233,Maniitsoq,GL,2022-05-22 02:48:05,65.4167,-52.9,37.53,82,100,27.6
234,Meadow Lake,US,2022-05-22 02:48:05,34.8014,-106.5436,69.84,22,99,15.41
235,Kanigoro,ID,2022-05-22 02:48:06,-8.13,112.219,84.9,61,29,1.34
236,Porta Westfalica,DE,2022-05-22 02:48:06,52.2378,8.919,48.24,95,98,3.44
237,Liverpool,GB,2022-05-22 02:48:06,53.4106,-2.9779,55.35,75,75,13.8
238,Darnah,LY,2022-05-22 02:48:07,32.767,22.6367,64.35,63,0,18.01
239,Caluquembe,AO,2022-05-22 02:48:07,-13.7833,14.6833,51.26,51,39,1.54
240,Haines Junction,CA,2022-05-22 02:48:08,60.7522,-137.5108,60.75,23,22,12.66
241,Hobyo,SO,2022-05-22 02:48:08,5.3505,48.5268,79.65,78,67,16.96
242,Emerald,AU,2022-05-22 02:48:08,-23.5333,148.1667,72.34,64,90,13.62
243,Soure,BR,2022-05-22 02:48:09,-0.7167,-48.5233,76.71,84,74,4.74
244,Northam,GB,2022-05-22 02:45:04,51.0333,-4.2167,51.62,90,86,7.52
245,Xichang,CN,2022-05-22 02:48:09,27.8964,102.2634,58.6,86,100,1.43
246,Danville,US,2022-05-22 02:45:06,36.586,-79.395,70.34,88,0,4.61
247,Mount Isa,AU,2022-05-22 02:48:10,-20.7333,139.5,76.77,47,40,9.22
248,Petrovsk-Zabaykalskiy,RU,2022-05-22 02:48:10,51.273,108.843,66.06,38,17,10.65
249,Sidney,AU,2022-05-22 02:47:27,-33.8679,151.2073,65.5,80,75,13.8
250,Goderich,CA,2022-05-22 02:48:11,43.7501,-81.7165,55.72,94,100,1.14
251,Dukat,RU,2022-05-22 02:48:11,62.55,155.55,34.63,80,96,6.96
252,Richards Bay,ZA,2022-05-22 02:48:12,-28.783,32.0377,62.26,83,100,20.92
253,Champerico,GT,2022-05-22 02:48:12,14.3,-91.9167,81.48,79,100,4.76
254,Sarwar,IN,2022-05-22 02:48:12,26.0667,75.0,86.32,55,0,20.11
255,Iquitos,PE,2022-05-22 02:48:13,-3.7481,-73.2472,75.24,94,75,0.0
256,Baran,IN,2022-05-22 02:48:13,25.1,76.5167,89.06,49,0,19.17
257,Sovetskiy,RU,2022-05-22 02:48:14,61.3614,63.5842,39.81,92,100,12.39
258,Sharlyk,RU,2022-05-22 02:48:14,52.9167,54.75,39.54,82,93,11.36
259,Port-Gentil,GA,2022-05-22 02:48:14,-0.7193,8.7815,77.74,82,100,13.87
260,Kariba,ZW,2022-05-22 02:48:15,-16.5167,28.8,68.29,46,40,11.97
261,Zyryanskoye,RU,2022-05-22 02:48:15,56.8306,86.6258,64.78,53,11,8.57
262,Weinan,CN,2022-05-22 02:48:16,34.5036,109.5089,87.31,23,57,3.69
263,Le Vauclin,MQ,2022-05-22 02:48:16,14.5452,-60.8388,80.65,78,40,12.66
264,Kavieng,PG,2022-05-22 02:48:16,-2.5744,150.7967,85.23,64,96,13.53
265,Saint-Philippe,RE,2022-05-22 02:48:17,-21.3585,55.7679,67.59,78,26,6.87
266,Vila Franca Do Campo,PT,2022-05-22 02:48:17,37.7167,-25.4333,64.81,96,100,4.61
267,Pinega,RU,2022-05-22 02:48:18,64.7001,43.3936,30.97,71,100,10.98
268,Karratha,AU,2022-05-22 02:48:18,-20.7377,116.8463,80.42,66,100,6.58
269,Bandrele,YT,2022-05-22 02:48:18,-12.9067,45.1914,78.55,83,0,10.36
270,Katherine,AU,2022-05-22 02:48:19,-14.4667,132.2667,88.12,33,9,10.36
271,Leningradskiy,RU,2022-05-22 02:48:19,69.3833,178.4167,34.25,96,100,11.34
272,Honiara,SB,2022-05-22 02:48:19,-9.4333,159.95,85.87,67,23,5.32
273,Bathsheba,BB,2022-05-22 02:48:20,13.2167,-59.5167,81.21,74,20,19.57
274,Jinchang,CN,2022-05-22 02:48:20,38.4953,102.1739,77.61,15,6,6.8
275,Lujan,AR,2022-05-22 02:49:21,-34.5703,-59.105,54.95,54,2,0.83
276,Riyadh,SA,2022-05-22 02:47:46,24.6877,46.7219,80.74,15,0,5.64
277,Neuquen,AR,2022-05-22 02:49:21,-38.9516,-68.0591,48.09,57,0,0.0
278,Batticaloa,LK,2022-05-22 02:49:22,7.7102,81.6924,83.71,62,99,4.14
279,Minab,IR,2022-05-22 02:49:22,27.1467,57.0801,80.92,36,0,2.3
280,Lagoa,PT,2022-05-22 02:49:23,39.05,-27.9833,62.06,95,100,2.46
281,Vilhena,BR,2022-05-22 02:49:23,-12.7406,-60.1458,63.81,80,7,0.63
282,Sorland,NO,2022-05-22 02:49:24,67.667,12.6934,44.46,91,100,4.79
283,Tshikapa,CD,2022-05-22 02:49:24,-6.4167,20.8,73.62,83,100,0.92
284,Hermanus,ZA,2022-05-22 02:49:24,-34.4187,19.2345,56.21,79,24,6.98
285,Buin,CL,2022-05-22 02:49:25,-33.7333,-70.75,62.06,46,100,1.99
286,Tongzi,CN,2022-05-22 02:49:25,28.7829,105.0877,66.94,81,100,2.37
287,Manuk Mangkaw,PH,2022-05-22 02:49:26,4.8,119.85,81.09,77,100,8.57
288,Wahiawa,US,2022-05-22 02:49:26,21.5028,-158.0236,82.72,69,73,6.76
289,Hami,CN,2022-05-22 02:49:27,42.8,93.45,85.32,15,7,1.92
290,Shubarkuduk,KZ,2022-05-22 02:49:27,49.1447,56.4872,44.29,67,10,10.25
291,Isangel,VU,2022-05-22 02:49:27,-19.55,169.2667,82.51,74,40,11.5
292,Anderson,US,2022-05-22 02:45:11,34.5334,-82.6499,76.19,84,20,8.05
293,Spring Hill,US,2022-05-22 02:47:20,28.4769,-82.5255,75.88,93,75,6.91
294,Elko,US,2022-05-22 02:49:28,41.0002,-115.5012,60.82,25,33,6.06
295,Verkhnyaya Inta,RU,2022-05-22 02:49:28,65.9811,60.3094,36.28,68,100,14.81
296,Poum,NC,2022-05-22 02:49:29,-20.2333,164.0167,78.26,81,9,16.55
297,Makat,KZ,2022-05-22 02:49:29,47.6469,53.3463,53.87,38,64,9.53
298,Salalah,OM,2022-05-22 02:46:01,17.0151,54.0924,82.49,78,75,4.61
299,Lata,PT,2022-05-22 02:49:30,40.1629,-8.3327,64.08,87,84,4.97
300,Urucara,BR,2022-05-22 02:49:30,-2.5364,-57.76,70.68,96,49,1.66
301,Challans,FR,2022-05-22 02:49:31,46.8436,-1.8749,65.32,79,99,9.46
302,Naryan-Mar,RU,2022-05-22 02:49:31,67.6713,53.087,27.21,76,97,17.54
303,Velingara,SN,2022-05-22 02:49:32,13.15,-14.1167,78.35,55,100,7.85
304,Sola,VU,2022-05-22 02:49:32,-13.8833,167.55,81.3,74,23,3.0
305,West Wendover,US,2022-05-22 02:49:32,40.7391,-114.0733,60.01,14,0,5.75
306,Tezu,IN,2022-05-22 02:49:33,27.9167,96.1667,82.22,72,49,2.46
307,Hailar,CN,2022-05-22 02:49:33,49.2,119.7,75.78,17,79,18.41
308,Mao,ES,2022-05-22 02:49:33,39.8885,4.2658,64.96,100,0,8.05
309,Zemio,CF,2022-05-22 02:49:34,5.0314,25.1361,70.0,86,100,1.81
310,Inirida,CO,2022-05-22 02:49:34,3.8653,-67.9239,71.49,99,100,2.59
311,Kalmunai,LK,2022-05-22 02:49:35,7.4167,81.8167,84.33,67,99,1.7
312,Yuancheng,CN,2022-05-22 02:49:35,36.652,107.7896,71.42,42,98,11.48
313,Mananara,MG,2022-05-22 02:49:35,-16.1667,49.7667,70.92,93,82,5.64
314,Kaitangata,NZ,2022-05-22 02:49:36,-46.2817,169.8464,47.01,78,94,15.28
315,Maua,BR,2022-05-22 02:49:36,-23.6678,-46.4614,58.35,93,31,2.71
316,Boddam,GB,2022-05-22 02:49:37,57.4667,-1.7833,52.43,91,100,18.03
317,Shingu,JP,2022-05-22 02:49:37,33.7333,135.9833,72.84,61,78,7.61
318,Penzance,GB,2022-05-22 02:49:37,50.1186,-5.5371,52.48,86,53,6.89
319,Norre Alslev,DK,2022-05-22 02:49:38,54.8978,11.8841,50.81,91,92,10.45
320,Boa Vista,BR,2022-05-22 02:49:38,2.8197,-60.6733,75.18,88,75,2.3
321,Katsuura,JP,2022-05-22 02:50:39,35.1333,140.3,64.11,81,96,16.04
322,Byron Bay,AU,2022-05-22 02:50:39,-28.65,153.6167,62.71,81,96,13.65
323,North Platte,US,2022-05-22 02:45:42,41.1239,-100.7654,50.25,41,0,4.0
324,Grand Gaube,MU,2022-05-22 02:50:39,-20.0064,57.6608,70.2,71,3,15.95
325,Faya,SA,2022-05-22 02:50:40,18.3851,42.4509,62.71,13,43,6.26
326,Petropavlovsk-Kamchatskiy,RU,2022-05-22 02:50:40,53.0452,158.6483,45.19,81,75,6.71
327,Seoul,KR,2022-05-22 02:46:30,37.5683,126.9778,73.0,55,40,6.91
328,Port Elizabeth,ZA,2022-05-22 02:50:41,-33.918,25.5701,50.29,93,0,3.44
329,East London,ZA,2022-05-22 02:50:41,-33.0153,27.9116,59.65,77,59,2.77
330,Shimoda,JP,2022-05-22 02:50:42,34.6667,138.95,70.16,74,40,8.5
331,Hamilton,US,2022-05-22 02:45:54,39.1834,-84.5333,66.97,96,40,0.0
332,Nenjiang,CN,2022-05-22 02:50:43,49.1833,125.2167,72.55,27,70,7.96
333,Beringovskiy,RU,2022-05-22 02:50:43,63.05,179.3167,38.28,83,100,9.95
334,Le Port,RE,2022-05-22 02:50:43,-20.9373,55.2919,69.76,78,5,4.09
335,Srednekolymsk,RU,2022-05-22 02:50:44,67.45,153.6833,57.31,42,100,14.58
336,Bubaque,GW,2022-05-22 02:50:44,11.2833,-15.8333,78.19,77,100,9.82
337,Sinnamary,GF,2022-05-22 02:50:45,5.3833,-52.95,77.16,89,100,10.94
338,Sabha,LY,2022-05-22 02:50:45,27.0377,14.4283,64.67,22,0,11.03
339,Esna,EG,2022-05-22 02:50:45,25.2934,32.554,71.62,20,0,20.0
340,Oistins,BB,2022-05-22 02:50:46,13.0667,-59.5333,80.69,74,20,19.57
341,Punta De Piedra,VE,2022-05-22 02:50:46,7.6176,-71.4916,73.83,80,6,2.93
342,Ugoofaaru,MV,2022-05-22 02:50:46,5.6667,73.0,82.92,77,31,14.47
343,Sapucaia,BR,2022-05-22 02:50:47,-29.8333,-51.15,58.03,93,89,2.3
344,Felanitx,ES,2022-05-22 02:50:47,39.4696,3.1483,65.95,69,26,3.44
345,Zaraza,VE,2022-05-22 02:50:48,9.3503,-65.3245,77.54,76,1,6.73
346,Lorengau,PG,2022-05-22 02:50:48,-2.0226,147.2712,85.93,67,95,9.95
347,Ananas,HT,2022-05-22 02:50:49,19.2466,-71.9557,69.37,83,99,0.69
348,Belaya,UA,2022-05-22 02:50:49,49.029,25.7706,49.89,82,2,16.08
349,Panguna,PG,2022-05-22 02:50:49,-6.3164,155.4848,82.38,59,25,3.69
350,Omsukchan,RU,2022-05-22 02:50:50,62.5333,155.8,37.4,77,95,9.13
351,Nome,US,2022-05-22 02:48:11,64.5011,-165.4064,67.15,44,0,12.66
352,Batagay,RU,2022-05-22 02:50:50,67.6333,134.6333,52.93,46,97,2.42
353,Husavik,IS,2022-05-22 02:50:51,66.0449,-17.3389,39.18,98,100,10.65
354,Tommot,RU,2022-05-22 02:50:51,58.9564,126.2925,57.45,53,85,2.82
355,North Bend,US,2022-05-22 02:50:52,43.4065,-124.2243,56.91,89,100,16.11
356,Port Macquarie,AU,2022-05-22 02:50:52,-31.4333,152.9167,59.9,100,75,6.91
357,Belle Fourche,US,2022-05-22 02:50:52,44.6714,-103.8522,40.32,78,73,6.22
358,Jalu,LY,2022-05-22 02:50:53,29.0331,21.5482,63.73,67,0,9.08
359,San Rafael,AR,2022-05-22 02:50:53,-34.6177,-68.3301,53.62,29,100,8.16
360,Antalaha,MG,2022-05-22 02:50:54,-14.9003,50.2788,73.4,92,99,8.79
361,Nabire,ID,2022-05-22 02:49:17,-3.3667,135.4833,84.11,71,99,3.4
362,Nanortalik,GL,2022-05-22 02:50:55,60.1432,-45.2371,38.77,86,100,5.61
363,Lahaina,US,2022-05-22 02:50:55,20.8783,-156.6825,86.0,79,11,9.53
364,Aldan,RU,2022-05-22 02:51:55,58.6031,125.3894,50.95,58,44,4.76
365,Namatanai,PG,2022-05-22 02:51:56,-3.6667,152.4333,85.05,62,98,11.01
366,Springbok,ZA,2022-05-22 02:51:56,-29.6643,17.8865,44.29,66,23,4.54
367,Esperance,AU,2022-05-22 02:51:59,-33.8667,121.9,72.19,50,26,17.25
368,Kassala,SD,2022-05-22 02:52:00,15.451,36.4,84.83,51,39,16.37
369,Homer,US,2022-05-22 02:47:19,59.6425,-151.5483,58.87,35,20,20.71
370,Novikovo,RU,2022-05-22 02:52:00,51.1537,37.8879,53.2,98,100,0.29
371,Coruripe,BR,2022-05-22 02:52:01,-10.1256,-36.1756,76.08,82,95,12.93
372,Bandarbeyla,SO,2022-05-22 02:52:01,9.4942,50.8122,80.38,82,100,19.64
373,Twentynine Palms,US,2022-05-22 02:52:02,34.1356,-116.0542,80.74,30,0,4.68
374,Miajadas,ES,2022-05-22 02:52:02,39.1513,-5.9084,60.89,74,100,4.81
375,Herat,AF,2022-05-22 02:52:02,34.5,62.0,56.21,53,0,18.52
376,Mocuba,MZ,2022-05-22 02:52:03,-16.8392,36.9856,66.0,82,32,4.56
377,Hofn,IS,2022-05-22 02:52:03,64.2539,-15.2082,46.67,86,100,15.73
378,Katangli,RU,2022-05-22 02:52:03,51.7102,143.2326,40.23,93,99,8.48
379,Altayskoye,RU,2022-05-22 02:52:04,51.9533,85.3325,72.81,51,100,4.52
380,Wau,SS,2022-05-22 02:52:04,7.7029,27.9953,72.09,85,73,3.53
381,Xuddur,SO,2022-05-22 02:52:05,4.1213,43.8894,70.34,89,49,10.89
382,Los Algarrobos,PA,2022-05-22 02:52:05,8.5,-82.4333,78.8,87,40,2.3
383,Bastia,FR,2022-05-22 02:52:06,42.6667,9.3333,64.29,82,20,4.61
384,Posse,BR,2022-05-22 02:49:34,-14.0931,-46.3694,61.47,53,0,4.03
385,Boyolangu,ID,2022-05-22 02:52:06,-8.1181,111.8935,84.45,66,36,1.74
386,Rialma,BR,2022-05-22 02:52:07,-15.315,-49.5844,55.65,33,1,2.39
387,Paamiut,GL,2022-05-22 02:52:07,61.994,-49.6678,40.17,77,100,35.81
388,Fuengirola,ES,2022-05-22 02:52:08,36.54,-4.6247,71.85,60,0,4.61
389,Inongo,CD,2022-05-22 02:52:08,-1.95,18.2667,70.68,93,100,2.1
390,Buraydah,SA,2022-05-22 02:52:09,26.326,43.975,81.05,16,1,4.23
391,Chimbarongo,CL,2022-05-22 02:52:09,-34.7,-71.05,50.72,78,100,2.59
392,Karwar,IN,2022-05-22 02:52:09,14.8,74.1333,81.28,80,91,6.31
393,Vardo,NO,2022-05-22 02:52:10,70.3705,31.1107,39.18,87,75,16.11
394,Vanavara,RU,2022-05-22 02:52:10,60.34,102.2797,46.15,80,100,7.45
395,Cantagallo,CO,2022-05-22 02:52:12,7.376,-73.9196,74.95,93,1,1.59
396,Severo-Kurilsk,RU,2022-05-22 02:52:12,50.6789,156.125,46.33,88,76,9.71
397,Turukhansk,RU,2022-05-22 02:52:12,65.8167,87.9833,57.61,63,41,2.66
398,Herouville-Saint-Clair,FR,2022-05-22 02:52:13,49.2109,-0.3065,50.99,100,0,2.3
399,Vanimo,PG,2022-05-22 02:52:13,-2.6741,141.3028,80.29,87,100,3.78
400,Skjervoy,NO,2022-05-22 02:52:14,70.0311,20.9714,42.8,82,89,3.0
401,Xiongyue,CN,2022-05-22 02:52:14,40.1774,122.1228,74.37,49,2,7.36
402,Sandpoint,US,2022-05-22 02:47:48,48.2766,-116.5533,55.54,55,40,6.91
403,Atar,MR,2022-05-22 02:52:15,20.5169,-13.0499,83.59,21,0,2.44
404,Bushehr,IR,2022-05-22 02:52:15,28.9684,50.8385,80.69,47,0,28.77
405,Yar-Sale,RU,2022-05-22 02:52:15,66.8333,70.8333,33.67,72,100,14.18
406,Olafsvik,IS,2022-05-22 02:52:16,64.8945,-23.7142,40.8,84,59,20.18
407,Muros,ES,2022-05-22 02:52:16,42.7762,-9.0603,65.16,91,96,3.06
408,Agadir,MA,2022-05-22 02:53:17,30.4202,-9.5982,64.85,83,58,2.75
409,Axim,GH,2022-05-22 02:53:17,4.8699,-2.2405,74.7,94,100,2.95
410,Ayolas,PY,2022-05-22 02:53:18,-27.4,-56.9,53.6,88,54,4.21
411,Dahra,DZ,2022-05-22 02:53:18,36.2546,0.8519,74.59,33,41,8.5
412,Sayyan,YE,2022-05-22 02:53:18,15.1718,44.3244,61.25,17,11,4.27
413,Marsh Harbour,BS,2022-05-22 02:53:19,26.5412,-77.0636,78.69,88,33,13.06
414,Caravelas,BR,2022-05-22 02:53:19,-17.7125,-39.2481,70.45,73,0,6.93
415,Sioux Lookout,CA,2022-05-22 02:53:19,50.1001,-91.917,39.27,65,100,3.44
416,Nakonde,ZM,2022-05-22 02:53:20,-9.3421,32.745,60.22,85,99,2.71
417,Gua Musang,MY,2022-05-22 02:53:20,4.8823,101.9644,88.97,55,83,1.79
418,Quimper,FR,2022-05-22 02:53:21,48.0,-4.1,55.98,71,0,9.22
419,Arraias,BR,2022-05-22 02:53:21,-12.9288,-46.9437,64.4,52,1,2.86
420,Codrington,AU,2022-05-22 02:53:21,-38.2667,141.9667,59.49,57,5,5.95
421,Acapulco,MX,2022-05-22 02:49:25,16.8634,-99.8901,79.66,71,0,4.0
422,Kawhia,NZ,2022-05-22 02:53:22,-38.0651,174.8183,59.5,71,32,19.66
423,Oktyabrskiy,RU,2022-05-22 02:53:22,54.4815,53.471,38.23,86,76,11.86
424,Kandrian,PG,2022-05-22 02:53:23,-6.2167,149.55,84.07,73,56,6.26
425,Koumac,NC,2022-05-22 02:53:23,-20.5667,164.2833,79.68,76,60,4.14
426,Padang,ID,2022-05-22 02:53:24,-0.9492,100.3543,86.05,70,74,3.09
427,Guatire,VE,2022-05-22 02:53:22,10.4762,-66.5427,70.59,96,30,2.35
428,Nouadhibou,MR,2022-05-22 02:53:24,20.931,-17.0347,64.38,94,56,14.97
429,Najran,SA,2022-05-22 02:53:24,17.4924,44.1277,70.45,12,43,2.28
430,Izhma,RU,2022-05-22 02:53:25,65.0083,53.9113,32.11,79,100,11.86
431,Cururupu,BR,2022-05-22 02:53:25,-1.8283,-44.8683,71.78,98,45,1.23
432,Andra,RU,2022-05-22 02:53:26,62.5147,65.8878,40.44,85,100,20.74
433,Cholet,FR,2022-05-22 02:53:26,47.1667,-1.0,61.84,87,86,9.37
434,Cozumel,MX,2022-05-22 02:53:27,20.5083,-86.9458,82.0,82,44,11.99
435,Inuvik,CA,2022-05-22 02:53:27,68.3499,-133.7218,36.46,64,100,6.91
436,Churachandpur,IN,2022-05-22 02:53:28,24.3333,93.6667,77.99,61,34,3.96
437,Zherdevka,RU,2022-05-22 02:53:29,51.8486,41.4606,45.57,92,100,11.77
438,Salitral,PE,2022-05-22 02:53:29,-4.8572,-80.6811,72.97,65,85,10.49
439,Ryotsu,JP,2022-05-22 02:53:30,38.0833,138.4333,63.75,78,36,2.82
440,Eureka,US,2022-05-22 02:50:06,40.8021,-124.1637,54.36,82,26,5.99
441,Vitoria Do Mearim,BR,2022-05-22 02:53:30,-3.4622,-44.8706,72.05,95,63,1.07
442,Oshikango,NA,2022-05-22 02:53:31,-17.4,15.8833,47.37,25,0,7.78
443,Quatre Cocos,MU,2022-05-22 02:53:31,-20.2078,57.7625,69.91,76,22,11.97
444,Roald,NO,2022-05-22 02:53:31,62.5833,6.1333,51.33,87,100,6.91
445,Opuwo,NA,2022-05-22 02:53:32,-18.0607,13.84,51.85,18,0,5.84
446,Seaham,GB,2022-05-22 02:53:32,54.839,-1.3458,52.12,80,100,1.01
447,Kurduvadi,IN,2022-05-22 02:53:33,18.0833,75.4333,82.17,56,8,19.51
448,Bonavista,CA,2022-05-22 02:53:33,48.6499,-53.1147,46.76,68,82,12.91
449,Pangody,RU,2022-05-22 02:53:33,65.85,74.4859,36.05,86,100,10.02
450,Victoria,HK,2022-05-22 02:49:55,22.2855,114.1577,81.18,85,96,13.0
451,Port Blair,IN,2022-05-22 02:53:34,11.6667,92.75,84.24,84,75,9.22
452,Necochea,AR,2022-05-22 02:53:34,-38.5473,-58.7368,49.28,72,0,4.54
453,Talnakh,RU,2022-05-22 02:53:35,69.4865,88.3972,45.21,85,99,3.06
454,Shebunino,RU,2022-05-22 02:53:35,46.4339,141.8603,61.74,59,86,10.54
455,Rivadavia,AR,2022-05-22 02:53:35,-33.1905,-68.4608,52.29,34,90,4.41
456,Iralaya,HN,2022-05-22 02:53:36,15.0,-83.2333,80.58,85,100,16.51
457,Komsomolskiy,UZ,2022-05-22 02:53:36,40.4272,71.7189,63.32,63,75,6.91
458,Lamar,US,2022-05-22 02:54:37,33.6668,-95.5836,60.71,82,75,16.11
459,Saint-Joseph,RE,2022-05-22 02:54:37,-21.3667,55.6167,66.58,76,13,8.95
460,Endicott,US,2022-05-22 02:54:38,42.0984,-76.0494,77.99,78,49,1.99
461,Carutapera,BR,2022-05-22 02:54:38,-1.195,-46.02,73.18,94,14,3.13
462,Pozoblanco,ES,2022-05-22 02:54:38,38.3791,-4.8483,59.92,81,98,3.42
463,Natal,BR,2022-05-22 02:53:44,-5.795,-35.2094,77.65,100,75,6.91
464,Jhunjhunun,IN,2022-05-22 02:54:39,28.1307,75.4014,90.86,37,0,17.45
465,Alice Springs,AU,2022-05-22 02:54:39,-23.7,133.8833,69.22,32,0,10.36
466,Torrington,US,2022-05-22 02:54:40,41.8007,-73.1212,74.68,88,0,4.36
467,Tena,EC,2022-05-22 02:54:40,-0.9833,-77.8167,68.85,97,56,2.55
468,Burnie,AU,2022-05-22 02:54:40,-41.0667,145.9167,57.94,60,17,3.24
469,Hailey,US,2022-05-22 02:54:41,43.5196,-114.3153,48.06,43,40,5.75
470,Sao Joao Da Barra,BR,2022-05-22 02:54:41,-21.6403,-41.0511,65.07,83,15,4.76
471,Touros,BR,2022-05-22 02:54:42,-5.1989,-35.4608,75.34,89,3,9.98
472,Puerto Baquerizo Moreno,EC,2022-05-22 02:54:42,-0.9,-89.6,71.83,86,55,8.25
473,Jishou,CN,2022-05-22 02:54:43,28.3167,109.7167,65.97,91,100,2.17
474,Airdrie,GB,2022-05-22 02:54:43,55.866,-3.9803,54.16,90,100,9.71
475,Manaure,CO,2022-05-22 02:54:44,11.7751,-72.4445,81.34,68,0,21.43
476,Rawson,AR,2022-05-22 02:50:49,-43.3002,-65.1023,58.95,45,93,20.74
477,Nishihara,JP,2022-05-22 02:54:44,26.1842,127.7558,80.26,77,40,13.8
478,Viedma,AR,2022-05-22 02:54:45,-40.8135,-62.9967,55.63,41,100,16.31
479,Iqaluit,CA,2022-05-22 02:54:45,63.7506,-68.5145,33.53,86,100,23.02
480,Tinskoy,RU,2022-05-22 02:54:45,56.1525,96.9161,62.22,38,90,7.14
481,Bilma,NE,2022-05-22 02:54:46,18.6853,12.9164,80.08,16,2,11.45
482,Camacupa,AO,2022-05-22 02:54:46,-12.0167,17.4833,54.46,66,99,4.81
483,Broken Hill,AU,2022-05-22 02:54:46,-31.95,141.4333,64.17,57,22,12.01
484,Yulara,AU,2022-05-22 02:54:47,-25.2406,130.9889,68.16,31,51,8.72
485,Awbari,LY,2022-05-22 02:54:47,26.5921,12.7805,67.57,14,0,9.4
486,Kamaishi,JP,2022-05-22 02:54:48,39.2667,141.8833,58.35,87,100,4.88
487,Goianesia,BR,2022-05-22 02:54:48,-15.3175,-49.1175,56.08,31,0,1.39
488,Kirakira,SB,2022-05-22 02:54:48,-10.4544,161.9205,84.18,69,20,4.94
489,Santa Maria,BR,2022-05-22 02:54:49,-29.6842,-53.8069,47.5,100,86,0.0
490,Mahon,ES,2022-05-22 02:54:49,39.8885,4.2658,64.96,100,0,8.05
491,Kendari,ID,2022-05-22 02:54:50,-3.945,122.4989,85.08,68,34,0.85
492,Eyemouth,GB,2022-05-22 02:54:50,55.8713,-2.0901,54.23,82,90,11.12
493,Fort Nelson,CA,2022-05-22 02:54:50,58.8053,-122.7002,65.79,20,40,11.5
494,San Pedro,PH,2022-05-22 02:54:51,14.35,121.0167,88.83,71,75,3.44
495,Boende,CD,2022-05-22 02:54:51,-0.2167,20.8667,69.98,90,99,0.98
496,Boquira,BR,2022-05-22 02:54:51,-12.8231,-42.7306,65.75,77,31,3.2
497,Fukue,JP,2022-05-22 02:54:52,32.6881,128.8419,77.36,44,0,12.66
498,Tindivanam,IN,2022-05-22 02:54:52,12.25,79.65,89.1,46,98,13.53
499,Argentan,FR,2022-05-22 02:54:53,48.75,-0.0167,50.95,95,100,2.86
500,Umm Kaddadah,SD,2022-05-22 02:54:53,13.6017,26.6876,79.18,19,100,8.19
501,Tagusao,PH,2022-05-22 02:54:53,9.1924,117.8141,85.05,69,96,2.39
502,Bambanglipuro,ID,2022-05-22 02:54:54,-7.95,110.2833,84.9,65,70,3.96
503,Tiznit,MA,2022-05-22 02:54:54,29.5833,-9.5,70.32,46,93,1.1
504,Makarov,RU,2022-05-22 02:54:55,48.6333,142.8,49.33,83,100,2.08
505,Sungaipenuh,ID,2022-05-22 02:55:55,-2.0833,101.3833,77.76,60,67,3.91
506,Miles City,US,2022-05-22 02:55:55,46.4083,-105.8406,40.73,54,76,4.7
507,Ponta Do Sol,PT,2022-05-22 02:55:56,32.6667,-17.1,66.83,80,92,3.29
508,Camacha,PT,2022-05-22 02:55:56,33.0833,-16.3333,62.02,77,20,9.22
509,Nioki,CD,2022-05-22 02:55:56,-2.7167,17.6833,70.93,96,99,1.63
510,Lyngdal,NO,2022-05-22 02:55:57,58.1376,7.07,49.89,86,99,6.73
511,Rauma,FI,2022-05-22 02:55:57,61.1272,21.5113,41.04,63,100,6.55
512,Sulangan,PH,2022-05-22 02:55:57,11.1373,123.7228,83.71,72,100,5.39
513,Paita,PE,2022-05-22 02:55:58,-5.0892,-81.1144,67.08,81,90,14.72
514,Cairns,AU,2022-05-22 02:55:21,-16.9167,145.7667,85.06,70,75,10.36
515,Trofors,NO,2022-05-22 02:55:58,65.5333,13.4063,48.36,90,100,2.48
516,Evensk,RU,2022-05-22 02:55:59,61.95,159.2333,38.17,96,100,2.91
517,Puerto Ayacucho,VE,2022-05-22 02:55:59,5.6639,-67.6236,74.53,92,100,5.37
518,Maneromango,TZ,2022-05-22 02:56:00,-7.1988,38.7848,65.62,98,100,2.57
519,Toora-Khem,RU,2022-05-22 02:56:00,52.4675,96.11,70.23,30,1,3.69
520,Zhangye,CN,2022-05-22 02:56:00,38.9342,100.4517,78.04,17,75,2.3
521,Saint Pete Beach,US,2022-05-22 02:56:01,27.7253,-82.7412,78.03,73,62,5.99
522,Celestun,MX,2022-05-22 02:56:01,20.8667,-90.4,78.62,83,42,14.88
523,Buncrana,IE,2022-05-22 02:56:02,55.1333,-7.45,54.81,87,100,13.0
524,Mehamn,NO,2022-05-22 02:56:02,71.0357,27.8492,40.91,96,100,6.89
525,Grand-Santi,GF,2022-05-22 02:56:02,4.25,-54.3833,72.14,99,100,2.33
526,Kenai,US,2022-05-22 02:56:03,60.5544,-151.2583,56.93,35,45,6.64
527,Luanda,AO,2022-05-22 02:56:03,-8.8368,13.2343,70.34,90,68,7.87
528,Le Havre,FR,2022-05-22 02:56:03,49.4938,0.1077,50.92,87,0,2.3
529,Anloga,GH,2022-05-22 02:56:04,5.7947,0.8973,77.49,86,100,18.05
530,Araguari,BR,2022-05-22 02:56:04,-18.6472,-48.1872,59.29,53,2,4.47
531,Rio Gallegos,AR,2022-05-22 02:51:30,-51.6226,-69.2181,39.25,70,0,12.66
532,Tutoia,BR,2022-05-22 02:56:05,-2.7619,-42.2744,76.44,85,46,4.09
533,Murray Bridge,AU,2022-05-22 02:56:05,-35.1167,139.2667,66.13,52,96,9.37
534,Douentza,ML,2022-05-22 02:56:06,14.9951,-2.9517,84.74,44,18,5.57
535,Clyde River,CA,2022-05-22 02:56:06,70.4692,-68.5914,19.63,93,100,9.22
536,Milagres,BR,2022-05-22 02:53:13,-7.3133,-38.9456,75.97,88,25,7.63
537,Tan An,VN,2022-05-22 02:56:07,10.5333,106.4167,86.02,76,100,9.22
538,Benguela,AO,2022-05-22 02:56:07,-12.5763,13.4055,68.23,79,63,3.31
539,Floro,NO,2022-05-22 02:56:07,61.5996,5.0328,49.96,93,100,9.22
540,Puerto Escondido,MX,2022-05-22 02:56:08,15.85,-97.0667,80.28,72,88,6.69
541,Kawalu,ID,2022-05-22 02:56:08,-7.3817,108.2082,76.37,88,96,0.72
542,Ruwi,OM,2022-05-22 02:56:09,23.5996,58.5507,94.08,37,0,7.36
543,Oudtshoorn,ZA,2022-05-22 02:56:09,-33.5907,22.2014,46.76,66,29,3.15
544,Maceio,BR,2022-05-22 02:51:29,-9.6658,-35.7353,74.64,94,75,4.61
545,Aquidauana,BR,2022-05-22 02:56:09,-20.4711,-55.7872,57.83,59,7,4.7
546,Mitsamiouli,KM,2022-05-22 02:56:10,-11.3847,43.2844,78.8,74,64,5.64
547,Reconquista,AR,2022-05-22 02:56:10,-29.15,-59.65,54.3,85,100,5.3
548,Pontes E Lacerda,BR,2022-05-22 02:56:11,-15.2261,-59.3353,64.11,67,26,3.09
549,Vadso,NO,2022-05-22 02:56:11,70.0744,29.7487,40.08,93,100,9.22
550,Xining,CN,2022-05-22 02:56:11,36.6167,101.7667,62.82,42,0,2.3
551,Meulaboh,ID,2022-05-22 02:57:12,4.1363,96.1285,81.54,80,94,0.63
552,Raga,SS,2022-05-22 02:57:13,8.4596,25.678,72.81,76,100,3.11
553,Phuket,TH,2022-05-22 02:57:13,8.0,98.25,87.1,74,20,13.8
554,Quartucciu,IT,2022-05-22 02:57:13,39.2519,9.1794,68.0,75,0,6.91
555,Ostrovnoy,RU,2022-05-22 02:57:14,68.0531,39.5131,30.88,70,59,9.26
